Loại thiết bị,Tên thiết bị,Số tài sản,Vị trí,Thương hiệu / Mẫu mã,Nguồn phát thải,Loại năng lượng sử dụng (Điện / Nhiên liệu đốt),Công suất định mức,Đơn vị công suất,Mức tải TB (%),Giờ làm việc bình thường (h/ngày),Số ngày chạy/tuần,Độ tin cậy của dữ liệu,Phương pháp đo lường,Mã đồng hồ đo
"Lò hồ quang điện","Lò hồ quang điện EAF 100 tấn/mẻ","STEEL-EAF-01","Xưởng Luyện thép EAF","Danieli FastArc 100T","Tiêu thụ điện","Điện lưới Việt Nam","45000","kW","82","16","6","Sơ cấp (Đo trực tiếp)","Đo lường liên tục","MTR-EAF-01"
"Lò điện trở","Lò tinh luyện thùng LRF 120 tấn","STEEL-LRF-01","Xưởng Tinh luyện phôi","Primetals LRF-120T","Tiêu thụ điện","Điện lưới Việt Nam","12000","kW","70","16","6","Sơ cấp (Đo trực tiếp)","Đo lường liên tục","MTR-LRF-01"
"Hệ thống động cơ điện truyền động","Máy đúc phôi thép liên tục 4 dòng CCM","STEEL-CCM-01","Xưởng Đúc phôi thép","SMS Group Concast 4-Strand","Tiêu thụ điện","Điện lưới Việt Nam","1500","kW","85","16","6","Thứ cấp (Ước tính kỹ thuật)","Tự đánh giá",""
"Lò nung nhiệt luyện nung bán thành phẩm thép","Lò nung lại phôi cán nóng (Đốt dầu FO)","STEEL-FURN-01","Đầu dây chuyền cán nóng","Tenova Walking Beam Furnace","Đốt cháy cố định","Dầu nặng FO (Fuel Oil)","3500","kg/h","80","16","6","Sơ cấp (Đo trực tiếp)","Đo lường liên tục","MTR-FO-FURN"
"Hệ thống động cơ điện truyền động","Dây chuyền cán thép cuộn cán nóng HRC","STEEL-ROLL-HOT","Xưởng Cán nóng HRC","Mitsubishi HRC-1500","Tiêu thụ điện","Điện lưới Việt Nam","28000","kW","78","16","6","Sơ cấp (Đo trực tiếp)","Đo lường liên tục","MTR-ROLL-HOT"
"Hệ thống động cơ điện truyền động","Dây chuyền cán nguội đảo chiều 6-Hi (CRC)","STEEL-ROLL-COLD","Xưởng Cán nguội CRC","Andritz Sundwig 6-Hi","Tiêu thụ điện","Điện lưới Việt Nam","8500","kW","72","16","6","Thứ cấp (Ước tính kỹ thuật)","Tự đánh giá",""
"Hệ thống bơm cấp nước/bơm cứu hỏa","Dây chuyền tẩy gỉ axit liên tục CPL","STEEL-PICKLING","Xưởng Xử lý bề mặt","CMI Industry CPL-Line","Tiêu thụ điện","Điện lưới Việt Nam","1800","kW","75","16","6","Thứ cấp (Ước tính kỹ thuật)","Tự đánh giá",""
"Lò điện trở","Dây chuyền mạ kẽm nhúng nóng liên tục CGL","STEEL-GALV-01","Xưởng Mạ tôn kẽm","Nippon Steel CGL-300","Tiêu thụ điện","Điện lưới Việt Nam","4200","kW","80","16","6","Thứ cấp (Ước tính kỹ thuật)","Tự đánh giá",""
"Hệ thống động cơ điện truyền động","Dây chuyền cán thép thanh vằn & dây cuộn Wire Rod","STEEL-ROLL-ROD","Xưởng Cán thép xây dựng","Morgan High-Speed Rod Mill","Tiêu thụ điện","Điện lưới Việt Nam","6500","kW","75","16","6","Sơ cấp (Đo trực tiếp)","Đo lường liên tục","MTR-ROD-01"
"Máy móc gia công tấm thép xây dựng","Máy định hình & hàn cao tần ống thép ERW","STEEL-TUBE-01","Xưởng Gia công ống thép","Kusano ERW Tube Mill 100","Tiêu thụ điện","Điện lưới Việt Nam","1200","kW","65","8","6","Thứ cấp (Ước tính kỹ thuật)","Tự đánh giá",""
"Máy móc gia công tấm thép xây dựng","Cụm máy dập nguội bu lông ốc vít (Cold Heading)","STEEL-FAST-01","Xưởng Phụ kiện cơ khí","National Machinery Cold Former","Tiêu thụ điện","Điện lưới Việt Nam","450","kW","68","8","6","Thứ cấp (Ước tính kỹ thuật)","Tự đánh giá",""
"Cần cẩu bánh xích / bánh lốp","Hệ thống cầu trục gian lò 150 tấn","STEEL-CRANE-01","Gian lò luyện thép","Konecranes Heavy Duty 150T","Tiêu thụ điện","Điện lưới Việt Nam","950","kW","45","16","6","Thứ cấp (Ước tính kỹ thuật)","Tự đánh giá",""
"Máy phát điện diesel dự phòng","Máy phát điện dự phòng Diesel 850kVA","GEN-GENSET-DIESEL","Trạm điện trung tâm","Cummins Power Command 850kVA","Đốt cháy cố định","Dầu Diesel (DO)","120","lít/h","60","2","1","Thứ cấp (Ước tính kỹ thuật)","Tự đánh giá",""
"Xe nâng hàng (Diesel/Xăng/LPG)","Đội xe nâng hàng bốc dỡ phôi thép và cuộn tôn","GEN-FORKLIFT-FLEET","Kho bãi thành phẩm","Toyota 8FD50 (5 tấn)","Đốt cháy động","Dầu Diesel (DO)","15","lít/h","65","8","6","Thứ cấp (Ước tính kỹ thuật)","Tự đánh giá",""
"Máy nén khí công nghiệp","Trạm máy nén khí trục vít trung tâm nhà máy","GEN-AIR-COMP-CENT","Trạm khí nén trung tâm","Atlas Copco GA 315 VSD","Tiêu thụ điện","Điện lưới Việt Nam","315","kW","75","16","6","Sơ cấp (Đo trực tiếp)","Đo lường liên tục","MTR-COMP-01"
"Máy sản xuất nước lạnh Chillers (HFC, CFC, HCFC)","Hệ thống Chiller giải nhiệt trung tâm nhà xưởng","REF-CHILLER-CENT","Phòng cơ điện trung tâm","Daikin Water Chiller 160kW","Tiêu thụ điện","Điện lưới Việt Nam","160","kW","75","16","6","Thứ cấp (Ước tính kỹ thuật)","Tự đánh giá",""
